{"cameraMode":{"drawMode":0,"name":"Shaded","section":"Shading Mode"},"sceneLighting":true,"audioPlay":false,"sceneViewState":{"m_AlwaysRefresh":false,"showFog":true,"showSkybox":true,"showFlares":true,"showImageEffects":true,"showParticleSystems":true,"showVisualEffectGraphs":true,"m_FxEnabled":true},"in2DMode":false,"pivot":{"x":-1210.0831298828125,"y":107.27104187011719,"z":1893.401123046875},"rotation":{"x":-0.12093576788902283,"y":0.1808086484670639,"z":-0.022453490644693376,"w":-0.9758384227752686},"size":12.12435531616211,"orthographic":false}